res_num,actual_sugar_bb,anomeric_position,actual_phi,ideal_phi_major,ideal_phi_stdev_major,delta_phi_major,linkage_type,actual_psi,ideal_psi,ideal_psi_stdev,delta_psi,LCM_phi1,LCM_phi_stdev1,LCM_phi2,LCM_phi_stdev2,LCM_phi3,LCM_phi_stdev3,LCM_psi1,LCM_psi_stdev1,LCM_psi2,LCM_psi_stdev2,LCM_psi3,LCM_psi_stdev3,LCM_omega1,LCM_omega_stdev1,LCM_omega2,LCM_omega_stdev2,LCM_omega3,LCM_omega_stdev3
217,0.701,BETA_LINKS,-84.84159119,-70,15,-14.84159119,_2EQ_3AX_4EQ_LINKS,92.19008318,112.5,37.5,-20.30991682,-75.9,11.6,NA,NA,NA,NA,119,15.4,NA,NA,NA,NA,NA,NA,NA,NA,NA,NA
218,2.337,BETA_LINKS,-110.7339453,-70,15,-40.73394527,_2EQ_3AX_4EQ_LINKS,95.14707977,112.5,37.5,-17.35292023,-86.5,11.6,NA,NA,NA,NA,110.7,19.4,NA,NA,NA,NA,NA,NA,NA,NA,NA,NA
219,0.312,ALPHA_LINKS,77.07455457,72.5,17.5,4.574554569,_2AX_3EQ_4AX_LINKS,-124.2340856,-117.5,42.5,-6.734085579,71.5,8.8,NA,NA,NA,NA,-120.6,16.8,NA,NA,NA,NA,NA,NA,NA,NA,NA,NA
220,0.397,BETA_LINKS,-77.12401654,-70,15,-7.124016543,_2AX_3EQ_4AX_LINKS,-99.45161292,-117.5,42.5,18.04838708,58.3,9.4,-80.1,12.6,NA,NA,-87.2,15.2,-97.6,22.3,NA,NA,NA,NA,NA,NA,NA,NA
221,0.336,ALPHA_LINKS,61.731024,72.5,17.5,-10.768976,LINKAGE_NA,173.1213145,NA,NA,NA,64.7,10.4,67,10.5,59.4,7.5,178.5,13.7,-178.4,10,94,17.5,-171.5,12.3,-174,12.8,59.7,14
222,0.224,BETA_LINKS,-70.66397433,-70,15,-0.6639743256,_2AX_3EQ_4AX_LINKS,-102.9772385,-117.5,42.5,14.52276147,58.3,9.4,-80.1,12.6,NA,NA,-87.2,15.2,-97.6,22.3,NA,NA,NA,NA,NA,NA,NA,NA
223,0.298,BETA_LINKS,-58.91467679,-70,15,11.08532321,_2EQ_3AX_4EQ_LINKS,109.7729431,112.5,37.5,-2.727056865,-71.4,10.9,NA,NA,NA,NA,132.2,7.4,NA,NA,NA,NA,NA,NA,NA,NA,NA,NA
441,1.02,BETA_LINKS,-90.05316077,-70,15,-20.05316077,_2EQ_3AX_4EQ_LINKS,98.89006243,112.5,37.5,-13.60993757,-75.9,11.6,NA,NA,NA,NA,119,15.4,NA,NA,NA,NA,NA,NA,NA,NA,NA,NA
442,2.104,BETA_LINKS,-106.949294,-70,15,-36.94929398,_2EQ_3AX_4EQ_LINKS,93.11955635,112.5,37.5,-19.38044365,-86.5,11.6,NA,NA,NA,NA,110.7,19.4,NA,NA,NA,NA,NA,NA,NA,NA,NA,NA
443,0.364,ALPHA_LINKS,79.52806826,72.5,17.5,7.028068256,_2AX_3EQ_4AX_LINKS,-122.6697521,-117.5,42.5,-5.169752106,71.5,8.8,NA,NA,NA,NA,-120.6,16.8,NA,NA,NA,NA,NA,NA,NA,NA,NA,NA
444,0.324,BETA_LINKS,-76.26889946,-70,15,-6.268899458,_2AX_3EQ_4AX_LINKS,-95.95779183,-117.5,42.5,21.54220817,58.3,9.4,-80.1,12.6,NA,NA,-87.2,15.2,-97.6,22.3,NA,NA,NA,NA,NA,NA,NA,NA
445,0.057,ALPHA_LINKS,70.24483468,72.5,17.5,-2.255165316,LINKAGE_NA,163.5717479,NA,NA,NA,64.7,10.4,67,10.5,59.4,7.5,178.5,13.7,-178.4,10,94,17.5,-171.5,12.3,-174,12.8,59.7,14
446,0.336,BETA_LINKS,-77.17813719,-70,15,-7.178137188,_2AX_3EQ_4AX_LINKS,-91.89923331,-117.5,42.5,25.60076669,58.3,9.4,-80.1,12.6,NA,NA,-87.2,15.2,-97.6,22.3,NA,NA,NA,NA,NA,NA,NA,NA
447,0.771,BETA_LINKS,-52.83780408,-70,15,17.16219592,_2EQ_3AX_4EQ_LINKS,121.7885338,112.5,37.5,9.288533794,-71.4,10.9,NA,NA,NA,NA,132.2,7.4,NA,NA,NA,NA,NA,NA,NA,NA,NA,NA